{"branches": 83.69565217391305, "coverage": 84.7424684159378}